,,,,,,,,,,,,,,,,,,,,,,,,,,,
source,company_tech,company_tech,company_tech,company_tech,company_tech,company_tech,company_tech,company_tech,company_tech,company_tech,company_tech,company_tech,company_tech,company_tech,company_tech,company_tech,company_tech,company_tech,company_tech,company_tech,company_tech,company_tech,company_tech,company_tech,company_tech,company_tech,company_tech
myshopify.com,,,,,,,,,,,,,,,,,,,,,,,,,,,
colourpop.com,google_apps,cloudinary,aws_route_53,cloud_flare,dynamic_yield,klaviyo,zendesk,double_click,youtube,google_remarketing,yotpo,alexa,google_adwords,facebook_connect,talkable,google_tag_manager,shopify,typekit_by_adobe,bing_advertiser,trustpilot,facebook_advertiser,google_analytics,conversio,,,,
cupshe.com,bing_advertiser,cloud_flare,live_chat,godaddy_nameserver,microsoft_exchange_online,taboola_ads,facebook_advertiser,outlook,microsoft_office_365,yotpo,steel_house,ios,facebook_connect,shopify,klaviyo,go_squared,google_analytics,criteo,google_tag_manager,,,,,,,,
allbirds.com,google_apps,iterable,cloud_flare,track_js,contentful,zendesk,mailchimp,amazon_payments,mandrill,google_tag_manager,mailgun,shopify,bing_advertiser,cloudinary,facebook_advertiser,google_analytics,conversio,,,,,,,,,,
jbhifi.com.au,aws_route_53,cloud_flare,contentful,klaviyo,microsoft_exchange_online,postmark,outlook,microsoft_office_365,google_analytics,amazon_ses,google_tag_manager,salesforce,shopify,google_maps,bing_advertiser,inspectlet,crazy_egg,facebook_advertiser,,,,,,,,,
fashionnova.com,twitter_button,cloud_flare,godaddy_nameserver,klaviyo,nosto,amazon_s3,amazon_payments,google_remarketing,vimeo,ios,talkable,google_tag_manager,shopify,justuno,paypal,facebook_advertiser,google_analytics,conversio,criteo,segment,,,,,,,
cettire.com,cloud_flare,godaddy_nameserver,go_squared,double_click,maxmind,google_remarketing,google_adwords,shopify,trustpilot,facebook_advertiser,google_analytics,,,,,,,,,,,,,,,,
mnml.la,Google Apps,Cloud Flare,Godaddy Nameserver,Typekit By Adobe,Zendesk,Double Click,Amazon S3,Amazon Payments,Google Remarketing,Hotjar,Google Adwords,Mandrill,Shopify,Facebook Advertiser,Google Analytics,Conversio,Privy,Google Tag Manager,,,,,,,,,
stevemadden.com,bing_advertiser,cloud_flare,typekit_by_adobe,microsoft_office_365,swell_rewards,yotpo,google_tag_manager,shopify,klaviyo,facebook_advertiser,google_analytics,hotjar,conversio,,,,,,,,,,,,,,
ripndipclothing.com,cloud_flare,godaddy_nameserver,klaviyo,amazon_s3,amazon_payments,youtube,google_tag_manager,shopify,facebook_advertiser,google_analytics,conversio,,,,,,,,,,,,,,,,
childofwild.com,google_apps,cloud_flare,godaddy_nameserver,amazon_s3,shopify,facebook_advertiser,google_analytics,conversio,privy,google_tag_manager,,,,,,,,,,,,,,,,,
jeffreestarcosmetics.com,google_apps,cloud_flare,godaddy_nameserver,amazon_s3,amazon_payments,microsoft_office_365,help_scout,alexa,hotjar,shopify,facebook_advertiser,google_analytics,google_tag_manager,,,,,,,,,,,,,,
giuliofashion.com,cloud_flare,microsoft_exchange_online,outlook,microsoft_office_365,google_analytics,shopify,,,,,,,,,,,,,,,,,,,,,
gymshark.com,new_relic,cloud_flare,live_chat,nosto,double_click,microsoft_exchange_online,maxmind,outlook,microsoft_office_365,google_remarketing,google_adwords,mandrill,google_tag_manager,shopify,facebook_advertiser,google_analytics,conversio,,,,,,,,,,
reddressboutique.com,chart_beat,cloud_flare,godaddy_nameserver,amazon_s3,amazon_payments,zopim,yotpo,alexa,steel_house,shopify,emarsys,pinterest,facebook_advertiser,google_analytics,conversio,google_tag_manager,,,,,,,,,,,
lakenzie.com,google_apps,cloud_flare,godaddy_nameserver,amazon_s3,youtube,optimonk,shopify,vimeo,go_squared,facebook_advertiser,google_analytics,privy,,,,,,,,,,,,,,,
swaggsauce.com,cloud_flare,godaddy_nameserver,microsoft_exchange_online,outlook,microsoft_office_365,shopify,twitter_button,facebook_advertiser,google_analytics,adroll,google_tag_manager,,,,,,,,,,,,,,,,
fab.com,google_apps,cloud_flare,godaddy_nameserver,sendgrid,intercom,vimeo,amazon_ses,shopify,facebook_advertiser,hotjar,facebook_connect,klaviyo,google_analytics,conversio,google_tag_manager,,,,,,,,,,,,
balr.jp,cloud_flare,amazon_s3,google_tag_manager,shopify,google_analytics,,,,,,,,,,,,,,,,,,,,,,
inspireuplift.com,twitter_button,cloud_flare,godaddy_nameserver,klaviyo,microsoft_exchange_online,google_adsense,taboola_ads,amazon_s3,outlook,microsoft_office_365,steel_house,facebook_connect,talkable,shopify,justuno,trustpilot,tawk,facebook_advertiser,google_analytics,conversio,criteo,google_tag_manager,,,,,
thirdlove.com,google_apps,heap,aws_route_53,cloud_flare,dynamic_yield,zendesk,amazon_payments,swell_rewards,google_analytics,mandrill,google_tag_manager,mailgun,shopify,bing_advertiser,bugsnag,appboy,jw_player,facebook_advertiser,hotjar,conversio,criteo,,,,,,
beeinspiredclothing.com,cloud_flare,nosto,double_click,trustpilot,amazon_s3,amazon_payments,google_remarketing,adroll,google_adwords,facebook_connect,shopify,facebook_advertiser,zopim,google_analytics,criteo,google_tag_manager,,,,,,,,,,,
sisterjane.com,google_apps,cloud_flare,zendesk,amazon_s3,shopify,twitter_button,facebook_advertiser,google_analytics,,,,,,,,,,,,,,,,,,,
kingice.com,rackspace_email,cloud_flare,godaddy_nameserver,amazon_payments,youtube,zopim,google_analytics,shopify,klaviyo,facebook_advertiser,conversio,google_tag_manager,,,,,,,,,,,,,,,
aloyoga.com,heap,visual_website_optimizer,cloud_flare,godaddy_nameserver,microsoft_exchange_online,postmark,mailchimp,amazon_s3,amazon_payments,outlook,youtube,microsoft_office_365,mandrill,amazon_ses,facebook_connect,talkable,google_tag_manager,salesforce,shopify,recaptcha,fullstory,sentry,facebook_advertiser,google_analytics,conversio,,
usatuan.com,cloud_flare,godaddy_nameserver,shopify,twitter_button,,,,,,,,,,,,,,,,,,,,,,,
kith.com,cloud_flare,godaddy_nameserver,klaviyo,shopify,facebook_advertiser,google_analytics,google_tag_manager,,,,,,,,,,,,,,,,,,,,
lackofcolor.com.au,google_apps,aws_route_53,cloud_flare,klaviyo,mailchimp,adroll,shopify,pinterest,facebook_advertiser,google_analytics,conversio,google_tag_manager,,,,,,,,,,,,,,,
brooklinen.com,google_apps,amazon_associates,optimizely,cloud_flare,dynamic_yield,live_chat,godaddy_nameserver,klaviyo,zendesk,taboola_ads,facebook_advertiser,amazon_payments,sidecar,swell_rewards,yotpo,hotjar,steel_house,facebook_connect,mailgun,shopify,typekit_by_adobe,google_analytics,conversio,criteo,google_tag_manager,,
gfuel.com,cloud_flare,hubspot,amazon_s3,amazon_payments,youtube,swell_rewards,adroll,shopify,justuno,facebook_advertiser,piwik,google_analytics,conversio,google_tag_manager,,,,,,,,,,,,,
dailysteals.com,bing_advertiser,google_apps,cloud_flare,godaddy_nameserver,nosto,zendesk,amazon_s3,sendgrid,amazon_payments,swell_rewards,yotpo,ios,facebook_connect,google_tag_manager,shopify,express,heroku,mouseflow,klaviyo,facebook_advertiser,google_analytics,criteo,,,,,
ghospell.com,cloud_flare,zendesk,amazon_s3,shopify,facebook_advertiser,google_analytics,,,,,,,,,,,,,,,,,,,,,
creativebooster.net,namecheap_dns,cloud_flare,google_adsense,amazon_s3,google_analytics,shopify,privy,,,,,,,,,,,,,,,,,,,,
thecriticalslidesociety.com,twitter_button,inspectlet,cloud_flare,shopify,facebook_advertiser,google_analytics,conversio,google_tag_manager,,,,,,,,,,,,,,,,,,,
whitefoxboutique.com,google_apps,cloud_flare,amazon_s3,google_analytics,hotjar,mandrill,shopify,facebook_advertiser,zopim,conversio,google_tag_manager,,,,,,,,,,,,,,,,
cymatics.fm,google_apps,cloud_flare,hubspot,zendesk,amazon_s3,mandrill,google_tag_manager,shopify,wordpress,facebook_advertiser,piwik,google_analytics,sumo,,,,,,,,,,,,,,
zgla.com,bing_advertiser,cloud_flare,godaddy_nameserver,double_click,facebook_advertiser,amazon_payments,google_remarketing,zopim,google_adwords,facebook_connect,shopify,google_analytics,privy,,,,,,,,,,,,,,
mclabels.com,google_apps,twitter_button,yandex_metrica,cloud_flare,amazon_s3,facebook_advertiser,facebook_social_plugins,facebook_connect,google_tag_manager,shopify,amazon_payments,google_analytics,conversio,,,,,,,,,,,,,,
huel.com,google_apps,namecheap_dns,cloud_flare,double_click,crazy_egg,trustpilot,maxmind,amazon_s3,amazon_payments,google_remarketing,google_adwords,google_tag_manager,shopify,instagram,vimeo,facebook_advertiser,google_analytics,criteo,,,,,,,,,
andi-bagus.com,google_apps,cloud_flare,godaddy_nameserver,amazon_s3,facebook_connect,shopify,facebook_advertiser,google_analytics,conversio,google_tag_manager,,,,,,,,,,,,,,,,,
cartots.com,cloud_flare,godaddy_nameserver,shopify,twitter_button,facebook_advertiser,conversio,google_tag_manager,,,,,,,,,,,,,,,,,,,,
themusiczoo.com,cloud_flare,amazon_payments,google_analytics,shopify,google_maps,facebook_advertiser,conversio,google_tag_manager,,,,,,,,,,,,,,,,,,,
riccardiboston.com,google_apps,cloud_flare,klaviyo,amazon_s3,shopify,typekit_by_adobe,google_maps,facebook_advertiser,google_analytics,,,,,,,,,,,,,,,,,,
rmattress.com,google_apps,cloud_flare,godaddy_nameserver,google_analytics,shopify,,,,,,,,,,,,,,,,,,,,,,
zinus.com,amazon_associates,cloud_flare,godaddy_nameserver,klaviyo,bazaarvoice,amazon_s3,google_remarketing,hotjar,google_tag_manager,shopify,bing_advertiser,kiss_metrics,facebook_advertiser,zopim,google_analytics,conversio,criteo,,,,,,,,,,
outdoorvoices.com,google_apps,optimizely,cloud_flare,godaddy_nameserver,amazon_s3,sendgrid,amazon_payments,mandrill,google_tag_manager,shopify,bing_advertiser,heap,fullstory,klaviyo,taboola_ads,facebook_advertiser,google_analytics,conversio,,,,,,,,,
zpacks.com,google_apps,cloud_flare,recaptcha,hotjar,shopify,facebook_advertiser,google_analytics,conversio,google_tag_manager,,,,,,,,,,,,,,,,,,
proozy.com,google_apps,cloud_flare,godaddy_nameserver,google_adsense,amazon_s3,google_analytics,mandrill,google_tag_manager,shopify,klaviyo,drip,facebook_advertiser,olark,hotjar,conversio,,,,,,,,,,,,
vitalproteins.com,yieldify,bing_advertiser,google_apps,amazon_associates,aws_route_53,visual_website_optimizer,cloud_flare,live_chat,zendesk,crazy_egg,quantcast,mailchimp,amazon_s3,bronto,optimonk,mandrill,talkable,shopify,amazon_payments,adroll,convert_kit,liveramp,facebook_advertiser,google_analytics,conversio,google_tag_manager,
vitalydesign.com,google_apps,visual_website_optimizer,cloud_flare,godaddy_nameserver,klaviyo,amazon_s3,youtube,google_tag_manager,shopify,go_squared,facebook_advertiser,google_analytics,,,,,,,,,,,,,,,
axparis.com,google_apps,cloud_flare,zendesk,amazon_payments,google_analytics,amazon_ses,facebook_connect,shopify,trustpilot,facebook_advertiser,conversio,google_tag_manager,,,,,,,,,,,,,,,
isawitfirst.com,twitter_button,cloud_flare,godaddy_nameserver,klaviyo,zendesk,microsoft_exchange_online,trustpilot,mailchimp,amazon_s3,amazon_payments,outlook,microsoft_office_365,app_nexus,ios,google_tag_manager,shopify,crazy_egg,facebook_advertiser,zopim,google_analytics,hotjar,conversio,criteo,,,,
amrstore.com,cloud_flare,amazon_s3,shopify,google_maps,facebook_advertiser,google_analytics,,,,,,,,,,,,,,,,,,,,,
dezzn.com,cloud_flare,godaddy_nameserver,amazon_s3,shopify,youtube,vimeo,go_squared,facebook_advertiser,google_analytics,,,,,,,,,,,,,,,,,,
behearty.com,cloud_flare,godaddy_nameserver,shopify,twitter_button,google_analytics,conversio,google_tag_manager,,,,,,,,,,,,,,,,,,,,
kyliecosmetics.com,google_apps,cloud_flare,godaddy_nameserver,klaviyo,zendesk,justuno,sendgrid,amazon_payments,yotpo,facebook_connect,google_tag_manager,shopify,google_maps,paypal,facebook_advertiser,google_analytics,conversio,criteo,,,,,,,,,
vapor.com,cloud_flare,trustpilot,amazon_s3,bronto,google_tag_manager,shopify,justuno,twitter_button,klaviyo,google_analytics,,,,,,,,,,,,,,,,,
ttrshop.net,cloud_flare,amazon_s3,amazon_payments,optimonk,shopify,facebook_advertiser,,,,,,,,,,,,,,,,,,,,,
giovoss.store,cloud_flare,amazon_s3,google_tag_manager,shopify,youtube,vimeo,bing_advertiser,klaviyo,facebook_advertiser,google_analytics,conversio,,,,,,,,,,,,,,,,
triple-deal.com,cloud_flare,double_click,amazon_s3,google_remarketing,google_analytics,google_adwords,shopify,facebook_advertiser,,,,,,,,,,,,,,,,,,,
livefitapparel.com,google_apps,cloud_flare,amazon_s3,google_analytics,shopify,twitter_button,facebook_advertiser,zopim,,,,,,,,,,,,,,,,,,,
zoofashions.com,cloud_flare,amazon_s3,google_analytics,facebook_connect,google_tag_manager,shopify,google_maps,paypal,facebook_advertiser,adroll,conversio,,,,,,,,,,,,,,,,
buffy.co,google_apps,cloud_flare,klaviyo,justuno,sendgrid,yotpo,google_tag_manager,shopify,socket_io,heap,fullstory,facebook_advertiser,google_analytics,conversio,,,,,,,,,,,,,
blacktailor.store,google_apps,cloud_flare,amazon_s3,shopify,go_squared,facebook_advertiser,google_analytics,,,,,,,,,,,,,,,,,,,,
guapi.ch,cloud_flare,godaddy_nameserver,amazon_s3,facebook_advertiser,facebook_connect,shopify,google_analytics,,,,,,,,,,,,,,,,,,,,
davinks.com,,,,,,,,,,,,,,,,,,,,,,,,,,,
techdudes561.com,yandex_metrica,cloud_flare,amazon_s3,shopify,justuno,conversio,privy,google_tag_manager,,,,,,,,,,,,,,,,,,,
sinnersattire.com,bing_advertiser,cloud_flare,klaviyo,quantcast,amazon_s3,amazon_payments,ios,google_tag_manager,shopify,facebook_advertiser,google_analytics,conversio,criteo,,,,,,,,,,,,,,
nomatic.com,google_apps,visual_website_optimizer,cloud_flare,mailchimp,amazon_s3,amazon_payments,google_remarketing,zopim,conversio,google_tag_manager,shopify,typeform,twitter_button,klaviyo,facebook_advertiser,google_analytics,hotjar,adroll,,,,,,,,,
bombas.com,greenhouse,optimizely,cloud_flare,contentful,godaddy_nameserver,typekit_by_adobe,bronto,google_tag_manager,mailgun,shopify,amazon_payments,vimeo,bing_advertiser,qualaroo,taboola_ads,facebook_advertiser,snowplow_analytics,zopim,google_analytics,hotjar,talkable,,,,,,
culturekings.com.au,google_apps,new_relic,cloud_flare,typekit_by_adobe,nosto,zendesk,google_tag_manager,shopify,youtube,appboy,facebook_advertiser,google_analytics,hotjar,criteo,,,,,,,,,,,,,
keilhub.com,cloud_flare,shopify,,,,,,,,,,,,,,,,,,,,,,,,,
urbanindustry.co.uk,google_apps,cloud_flare,klaviyo,amazon_s3,amazon_payments,tawk,google_tag_manager,shopify,justuno,google_maps,facebook_advertiser,google_analytics,conversio,,,,,,,,,,,,,,
unifclothing.com,google_apps,cloud_flare,klaviyo,nosto,double_click,amazon_s3,facebook_advertiser,amazon_payments,google_remarketing,google_analytics,google_adwords,facebook_connect,shopify,vimeo,,,,,,,,,,,,,
wearfigs.com,google_apps,cloud_flare,typekit_by_adobe,zendesk,double_click,sendgrid,amazon_payments,google_remarketing,google_adwords,google_tag_manager,shopify,bing_advertiser,go_squared,taboola_ads,facebook_advertiser,snowplow_analytics,zopim,yotpo,google_analytics,conversio,criteo,privy,,,,,
hawkersco.com,google_apps,cloud_flare,zendesk,amazon_payments,shopify,typeform,bing_advertiser,facebook_advertiser,google_analytics,google_tag_manager,,,,,,,,,,,,,,,,,
citiesocial.com,google_apps,new_relic,aws_route_53,cloud_flare,swell_rewards,zopim,branch,mandrill,google_tag_manager,shopify,facebook_advertiser,google_analytics,hotjar,conversio,criteo,,,,,,,,,,,,
shirtz.cool,google_apps,namecheap_dns,cloud_flare,typekit_by_adobe,youtube,recaptcha,vimeo,shopify,facebook_advertiser,google_analytics,,,,,,,,,,,,,,,,,
eightvape.com,cloud_flare,godaddy_nameserver,amazon_s3,freshdesk,shopify,youtube,vimeo,twitter_button,recaptcha,google_analytics,google_tag_manager,,,,,,,,,,,,,,,,
rhinoshield.fr,google_apps,cloud_flare,zendesk,mailchimp,talkable,google_tag_manager,shopify,socket_io,facebook_advertiser,google_analytics,conversio,privy,,,,,,,,,,,,,,,
carolazeta.com,google_apps,cloud_flare,trustpilot,mailchimp,amazon_s3,amazon_payments,google_analytics,hotjar,shopify,go_squared,facebook_advertiser,google_tag_manager,,,,,,,,,,,,,,,
overtone.co,google_apps,cloud_flare,godaddy_nameserver,sendgrid,microsoft_office_365,google_analytics,shopify,facebook_advertiser,conversio,criteo,talkable,google_tag_manager,,,,,,,,,,,,,,,
knockaround.com,bing_advertiser,google_apps,namecheap_dns,cloud_flare,klaviyo,zendesk,mailchimp,amazon_s3,sendgrid,amazon_payments,google_remarketing,yotpo,google_analytics,hotjar,mandrill,talkable,mailgun,shopify,justuno,youtube,google_maps,sentry,facebook_advertiser,zopim,conversio,criteo,google_tag_manager
rhone.com,google_apps,cloud_flare,godaddy_nameserver,amazon_s3,amazon_payments,microsoft_office_365,swell_rewards,ios,google_tag_manager,shopify,twitter_button,justuno,bing_advertiser,facebook_advertiser,zopim,google_analytics,hotjar,conversio,criteo,,,,,,,,
thesill.com,rocket_fuel,bing_advertiser,godaddy_nameserver,klaviyo,sentry,facebook_advertiser,intercom,google_analytics,hotjar,conversio,google_tag_manager,shopify,,,,,,,,,,,,,,,
diffeyewear.com,cloud_flare,godaddy_nameserver,zendesk,justuno,amazon_payments,swell_rewards,google_tag_manager,shopify,bing_advertiser,klaviyo,facebook_advertiser,mixpanel,piwik,google_analytics,hotjar,conversio,,,,,,,,,,,
shethinx.com,greenhouse,heap,cloud_flare,dynamic_yield,godaddy_nameserver,facebook_advertiser,sendgrid,facebook_connect,google_tag_manager,shopify,vimeo,bing_advertiser,fullstory,zopim,google_analytics,conversio,,,,,,,,,,,
factoryoutletstore.com,cloud_flare,microsoft_exchange_online,outlook,microsoft_office_365,dyn_dns,google_tag_manager,shopify,bing_advertiser,klaviyo,trustpilot,google_analytics,hotjar,conversio,,,,,,,,,,,,,,
blenderseyewear.com,bing_advertiser,google_apps,cloud_flare,godaddy_nameserver,klaviyo,amazon_s3,facebook_advertiser,sendgrid,amazon_payments,google_remarketing,yotpo,hotjar,facebook_connect,shopify,typekit_by_adobe,justuno,google_analytics,,,,,,,,,,
vapordna.com,google_apps,twitter_button,cloud_flare,godaddy_nameserver,trustpilot,amazon_s3,optimonk,shopify,youtube,recaptcha,google_analytics,algolia,,,,,,,,,,,,,,,
chubbiesshorts.com,customer_io,cloud_flare,dynamic_yield,godaddy_nameserver,klaviyo,nosto,zendesk,double_click,google_remarketing,swell_rewards,google_adwords,google_tag_manager,shopify,heap,typekit_by_adobe,bing_advertiser,optimizely,facebook_advertiser,lucky_orange,google_analytics,,,,,,,
rxmance.com,google_apps,cloud_flare,swell_rewards,shopify,go_squared,facebook_advertiser,google_analytics,privy,,,,,,,,,,,,,,,,,,,
stateofescape.com,cloud_flare,klaviyo,instagram,hotjar,shopify,facebook_advertiser,google_analytics,,,,,,,,,,,,,,,,,,,,
hatandbeyond.com,cloud_flare,facebook_connect,shopify,facebook_advertiser,google_analytics,conversio,google_tag_manager,,,,,,,,,,,,,,,,,,,,
summersalt.com,bing_advertiser,google_apps,visual_website_optimizer,cloud_flare,klaviyo,crazy_egg,facebook_advertiser,amazon_payments,google_remarketing,swell_rewards,hotjar,adroll,google_adwords,facebook_connect,shopify,google_analytics,google_tag_manager,,,,,,,,,,
lovepopcards.com,google_apps,aws_route_53,cloud_flare,typekit_by_adobe,zendesk,stripe,double_click,mailchimp,sendgrid,amazon_payments,google_remarketing,yotpo,google_adwords,mandrill,facebook_connect,talkable,google_tag_manager,shopify,typeform,youtube,google_maps,heap,facebook_advertiser,google_analytics,hotjar,algolia,
smokecartel.com,cloud_flare,godaddy_nameserver,klaviyo,amazon_s3,youtube,google_remarketing,help_scout,mailgun,shopify,disqus,facebook_advertiser,google_analytics,,,,,,,,,,,,,,,
famovape.com,google_apps,cloud_flare,youtube,shopify,google_analytics,,,,,,,,,,,,,,,,,,,,,,
ruggable.com,google_apps,visual_website_optimizer,cloud_flare,godaddy_nameserver,zendesk,youtube,yotpo,mandrill,google_tag_manager,shopify,klaviyo,facebook_advertiser,zopim,google_analytics,criteo,,,,,,,,,,,,
augustethelabel.com,google_apps,cloud_flare,godaddy_nameserver,maxmind,conversio,google_tag_manager,mailgun,shopify,facebook_advertiser,zopim,google_analytics,,,,,,,,,,,,,,,,
boucherouiterug.com,cloud_flare,godaddy_nameserver,amazon_payments,youtube,tawk,shopify,facebook_advertiser,google_analytics,conversio,google_tag_manager,,,,,,,,,,,,,,,,,